{
    "combined_score": 1.3961293023049743,
    "public": {
        "centers_str": "  centers[0] = (0.5000, 0.5000)\n  centers[1] = (0.7515, 0.4983)\n  centers[2] = (0.6747, 0.6755)\n  centers[3] = (0.4999, 0.7485)\n  centers[4] = (0.3238, 0.6764)\n  centers[5] = (0.2518, 0.4997)\n  centers[6] = (0.3237, 0.3252)\n  centers[7] = (0.4988, 0.2479)\n  centers[8] = (0.6763, 0.3227)\n  centers[9] = (0.8981, 0.5037)\n  centers[10] = (0.8294, 0.6361)\n  centers[11] = (0.7841, 0.7866)\n  centers[12] = (0.6413, 0.8357)\n  centers[13] = (0.5000, 0.9011)\n  centers[14] = (0.3607, 0.8302)\n  centers[15] = (0.2136, 0.7867)\n  centers[16] = (0.1676, 0.6383)\n  centers[17] = (0.0965, 0.4970)\n  centers[18] = (0.1673, 0.3607)\n  centers[19] = (0.2153, 0.2133)\n  centers[20] = (0.3605, 0.1653)\n  centers[21] = (0.4975, 0.1007)\n  centers[22] = (0.6382, 0.1681)\n  centers[23] = (0.7840, 0.2156)\n  centers[24] = (0.8347, 0.3650)\n  centers[25] = (0.0075, 0.0141)",
        "num_circles": 26
    },
    "private": {
        "reported_sum_of_radii": 1.3961293023049743
    },
    "execution_time_mean": 0.0021427080000648857,
    "execution_time_std": 0.0,
    "num_valid_runs": 1,
    "num_invalid_runs": 0,
    "all_validation_errors": []
}