{
    "combined_score": 1.2131241999183964,
    "public": {
        "centers_str": "  centers[0] = (0.5059, 0.5001)\n  centers[1] = (1.0100, 0.5000)\n  centers[2] = (0.9977, 0.6109)\n  centers[3] = (0.9738, 0.7339)\n  centers[4] = (0.9222, 0.8923)\n  centers[5] = (0.7651, 0.9635)\n  centers[6] = (0.6385, 0.9883)\n  centers[7] = (0.5315, 1.0036)\n  centers[8] = (0.4150, 0.9960)\n  centers[9] = (0.2942, 0.9765)\n  centers[10] = (0.1535, 0.9347)\n  centers[11] = (0.0515, 0.8022)\n  centers[12] = (0.0204, 0.6706)\n  centers[13] = (0.0029, 0.5626)\n  centers[14] = (0.0048, 0.4446)\n  centers[15] = (0.0200, 0.3211)\n  centers[16] = (0.0516, 0.1978)\n  centers[17] = (0.1550, 0.0649)\n  centers[18] = (0.2969, 0.0250)\n  centers[19] = (0.4060, 0.0060)\n  centers[20] = (0.5267, -0.0036)\n  centers[21] = (0.6530, 0.0139)\n  centers[22] = (0.7638, 0.0364)\n  centers[23] = (0.9226, 0.1090)\n  centers[24] = (0.9731, 0.2694)\n  centers[25] = (0.9941, 0.3745)",
        "num_circles": 26
    },
    "private": {
        "reported_sum_of_radii": 1.2131241999183964
    },
    "execution_time_mean": 1.0902903750002224,
    "execution_time_std": 0.0,
    "num_valid_runs": 0,
    "num_invalid_runs": 1,
    "all_validation_errors": [
        "Circle 1 (x=1.0100, y=0.5000, r=0.0100) is outside unit square."
    ]
}