{
    "combined_score": 1.3754553569968988,
    "public": {
        "centers_str": "  centers[0] = (0.5000, 0.5000)\n  centers[1] = (0.7520, 0.4997)\n  centers[2] = (0.6780, 0.6780)\n  centers[3] = (0.5009, 0.7496)\n  centers[4] = (0.3254, 0.6767)\n  centers[5] = (0.2525, 0.4983)\n  centers[6] = (0.3248, 0.3214)\n  centers[7] = (0.5017, 0.2498)\n  centers[8] = (0.6758, 0.3214)\n  centers[9] = (0.8990, 0.5001)\n  centers[10] = (0.8308, 0.6407)\n  centers[11] = (0.7865, 0.7832)\n  centers[12] = (0.6344, 0.8346)\n  centers[13] = (0.5008, 0.9009)\n  centers[14] = (0.3634, 0.8316)\n  centers[15] = (0.2185, 0.7851)\n  centers[16] = (0.1647, 0.6362)\n  centers[17] = (0.0986, 0.5034)\n  centers[18] = (0.1704, 0.3636)\n  centers[19] = (0.2206, 0.2144)\n  centers[20] = (0.3621, 0.1666)\n  centers[21] = (0.4996, 0.1019)\n  centers[22] = (0.6383, 0.1667)\n  centers[23] = (0.7799, 0.2203)\n  centers[24] = (0.8342, 0.3603)\n  centers[25] = (0.0065, 0.0044)",
        "num_circles": 26
    },
    "private": {
        "reported_sum_of_radii": 1.3754553569968988
    },
    "execution_time_mean": 0.002840041000126803,
    "execution_time_std": 0.0,
    "num_valid_runs": 1,
    "num_invalid_runs": 0,
    "all_validation_errors": []
}