{
    "combined_score": 1.2264617750781672,
    "public": {
        "centers_str": "  centers[0] = (0.5000, 0.5000)\n  centers[1] = (0.9000, 0.5008)\n  centers[2] = (0.8866, 0.6003)\n  centers[3] = (0.8982, 0.7189)\n  centers[4] = (0.7898, 0.7720)\n  centers[5] = (0.7436, 0.8836)\n  centers[6] = (0.6229, 0.8779)\n  centers[7] = (0.5286, 0.9000)\n  centers[8] = (0.4243, 0.8921)\n  centers[9] = (0.3065, 0.9000)\n  centers[10] = (0.2463, 0.8060)\n  centers[11] = (0.1324, 0.7672)\n  centers[12] = (0.1305, 0.6464)\n  centers[13] = (0.1000, 0.5570)\n  centers[14] = (0.1040, 0.4493)\n  centers[15] = (0.1000, 0.3327)\n  centers[16] = (0.1788, 0.2655)\n  centers[17] = (0.2103, 0.1499)\n  centers[18] = (0.3307, 0.1404)\n  centers[19] = (0.4148, 0.1000)\n  centers[20] = (0.5256, 0.1018)\n  centers[21] = (0.6404, 0.1000)\n  centers[22] = (0.7143, 0.1645)\n  centers[23] = (0.8313, 0.1889)\n  centers[24] = (0.8483, 0.3085)\n  centers[25] = (0.9000, 0.3869)",
        "num_circles": 26
    },
    "private": {
        "reported_sum_of_radii": 1.2264617750781672
    },
    "execution_time_mean": 3.3453685409999707,
    "execution_time_std": 0.0,
    "num_valid_runs": 1,
    "num_invalid_runs": 0,
    "all_validation_errors": []
}