{
    "combined_score": 0.08295864348099177,
    "public": {
        "centers_str": "  centers[0] = (0.5000, 0.5000)\n  centers[1] = (0.6000, 0.5000)\n  centers[2] = (0.5969, 0.5249)\n  centers[3] = (0.5789, 0.5434)\n  centers[4] = (0.5729, 0.5685)\n  centers[5] = (0.5536, 0.5844)\n  centers[6] = (0.5309, 0.5951)\n  centers[7] = (0.5057, 0.5898)\n  centers[8] = (0.4831, 0.5884)\n  centers[9] = (0.4617, 0.5814)\n  centers[10] = (0.4426, 0.5693)\n  centers[11] = (0.4191, 0.5588)\n  centers[12] = (0.4070, 0.5368)\n  centers[13] = (0.4008, 0.5125)\n  centers[14] = (0.4107, 0.4887)\n  centers[15] = (0.4163, 0.4669)\n  centers[16] = (0.4272, 0.4471)\n  centers[17] = (0.4363, 0.4229)\n  centers[18] = (0.4574, 0.4095)\n  centers[19] = (0.4831, 0.4116)\n  centers[20] = (0.5057, 0.4102)\n  centers[21] = (0.5309, 0.4049)\n  centers[22] = (0.5536, 0.4156)\n  centers[23] = (0.5729, 0.4315)\n  centers[24] = (0.5789, 0.4566)\n  centers[25] = (0.5969, 0.4751)",
        "num_circles": 26
    },
    "private": {
        "reported_sum_of_radii": 0.08295864348099177
    },
    "execution_time_mean": 0.3780997919998299,
    "execution_time_std": 0.0,
    "num_valid_runs": 1,
    "num_invalid_runs": 0,
    "all_validation_errors": []
}