{
    "combined_score": 0.0792174654543623,
    "public": {
        "centers_str": "  centers[0] = (0.5000, 0.5000)\n  centers[1] = (0.5900, 0.5000)\n  centers[2] = (0.5872, 0.5224)\n  centers[3] = (0.5789, 0.5434)\n  centers[4] = (0.5656, 0.5616)\n  centers[5] = (0.5482, 0.5760)\n  centers[6] = (0.5278, 0.5856)\n  centers[7] = (0.5057, 0.5898)\n  centers[8] = (0.4831, 0.5884)\n  centers[9] = (0.4617, 0.5814)\n  centers[10] = (0.4490, 0.5616)\n  centers[11] = (0.4191, 0.5588)\n  centers[12] = (0.4070, 0.5368)\n  centers[13] = (0.4008, 0.5125)\n  centers[14] = (0.4206, 0.4900)\n  centers[15] = (0.4256, 0.4706)\n  centers[16] = (0.4353, 0.4530)\n  centers[17] = (0.4363, 0.4229)\n  centers[18] = (0.4574, 0.4095)\n  centers[19] = (0.4850, 0.4214)\n  centers[20] = (0.5050, 0.4202)\n  centers[21] = (0.5309, 0.4049)\n  centers[22] = (0.5536, 0.4156)\n  centers[23] = (0.5729, 0.4315)\n  centers[24] = (0.5701, 0.4615)\n  centers[25] = (0.5969, 0.4751)",
        "num_circles": 26
    },
    "private": {
        "reported_sum_of_radii": 0.0792174654543623
    },
    "execution_time_mean": 0.5089492079996489,
    "execution_time_std": 0.0,
    "num_valid_runs": 1,
    "num_invalid_runs": 0,
    "all_validation_errors": []
}