{
    "combined_score": 1.3759068361561198,
    "public": {
        "centers_str": "  centers[0] = (0.5000, 0.5000)\n  centers[1] = (0.7524, 0.4985)\n  centers[2] = (0.6774, 0.6787)\n  centers[3] = (0.5007, 0.7515)\n  centers[4] = (0.3255, 0.6747)\n  centers[5] = (0.2502, 0.4991)\n  centers[6] = (0.3219, 0.3243)\n  centers[7] = (0.5008, 0.2484)\n  centers[8] = (0.6757, 0.3215)\n  centers[9] = (0.8963, 0.4975)\n  centers[10] = (0.8304, 0.6412)\n  centers[11] = (0.7824, 0.7817)\n  centers[12] = (0.6363, 0.8355)\n  centers[13] = (0.4983, 0.9028)\n  centers[14] = (0.3650, 0.8303)\n  centers[15] = (0.2206, 0.7797)\n  centers[16] = (0.1669, 0.6344)\n  centers[17] = (0.0967, 0.4983)\n  centers[18] = (0.1694, 0.3652)\n  centers[19] = (0.2206, 0.2193)\n  centers[20] = (0.3637, 0.1706)\n  centers[21] = (0.5017, 0.0970)\n  centers[22] = (0.6375, 0.1672)\n  centers[23] = (0.7813, 0.2153)\n  centers[24] = (0.8292, 0.3599)\n  centers[25] = (0.0041, 0.0123)",
        "num_circles": 26
    },
    "private": {
        "reported_sum_of_radii": 1.3759068361561198
    },
    "execution_time_mean": 0.002573209000274801,
    "execution_time_std": 0.0,
    "num_valid_runs": 1,
    "num_invalid_runs": 0,
    "all_validation_errors": []
}