{
    "combined_score": 0.7917190647163335,
    "public": {
        "centers_str": "  centers[0] = (0.8976, 0.4978)\n  centers[1] = (0.8473, 0.5887)\n  centers[2] = (0.8559, 0.6829)\n  centers[3] = (0.7664, 0.7373)\n  centers[4] = (0.7236, 0.8278)\n  centers[5] = (0.6270, 0.8372)\n  centers[6] = (0.5455, 0.8952)\n  centers[7] = (0.4576, 0.8551)\n  centers[8] = (0.3574, 0.8746)\n  centers[9] = (0.2953, 0.7972)\n  centers[10] = (0.2042, 0.7659)\n  centers[11] = (0.1806, 0.6689)\n  centers[12] = (0.1083, 0.5927)\n  centers[13] = (0.1394, 0.4965)\n  centers[14] = (0.1099, 0.4055)\n  centers[15] = (0.1801, 0.3362)\n  centers[16] = (0.2021, 0.2357)\n  centers[17] = (0.2938, 0.2016)\n  centers[18] = (0.3552, 0.1244)\n  centers[19] = (0.4543, 0.1397)\n  centers[20] = (0.5475, 0.0996)\n  centers[21] = (0.6257, 0.1642)\n  centers[22] = (0.7234, 0.1671)\n  centers[23] = (0.7718, 0.2607)\n  centers[24] = (0.8531, 0.3173)\n  centers[25] = (0.8510, 0.4145)",
        "num_circles": 26
    },
    "private": {
        "reported_sum_of_radii": 0.7917190647163335
    },
    "execution_time_mean": 0.002498667000054411,
    "execution_time_std": 0.0,
    "num_valid_runs": 1,
    "num_invalid_runs": 0,
    "all_validation_errors": []
}